OpenMP_Threads,MPI_Partitions,Time
1,5,6.8943790000
2,5,3.6676550000
4,5,1.7704960000
8,5,1.0435920000
16,5,1.0236730000