OpenMP_Threads,MPI_Partitions,Time
1,4,9.3874530000
2,4,4.7137830000
4,4,3.1875910000
8,4,1.8460300000
16,4,1.2112750000