OpenMP_Threads,MPI_Partitions,Time
1,1,34.5275910000
2,1,18.2478660000
4,1,9.1405820000
8,1,5.2155300000
16,1,2.6804830000