OpenMP_Threads,MPI_Partitions,Time
1,2,17.2075910000
2,2,8.5733450000
4,2,4.4226970000
8,2,2.2035440000
16,2,1.1810260000